firstname,lastname,username,password
user1,user1,user1,Password01!
user2,user2,user2,Password01!
user3,user3,user3,Password01!
user4,user4,user4,Password01!
user5,user5,user5,Password01!
user6,user6,user6,Password01!
user7,user7,user7,Password01!
user8,user8,user8,Password01!
user9,user9,user9,Password01!
user10,user10,user10,Password01!
user11,user11,user11,Password01!
user12,user12,user12,Password01!
user13,user13,user13,Password01!
user14,user14,user14,Password01!
user15,user15,user15,Password01!
user16,user16,user16,Password01!
user17,user17,user17,Password01!
user18,user18,user18,Password01!
user19,user19,user19,Password01!
user20,user20,user20,Password01!
user21,user21,user21,Password01!
user22,user22,user22,Password01!
user23,user23,user23,Password01!
user24,user24,user24,Password01!
user25,user25,user25,Password01!
user26,user26,user26,Password01!
user27,user27,user27,Password01!
user28,user28,user28,Password01!
user29,user29,user29,Password01!
user30,user30,user30,Password01!
user31,user31,user31,Password01!
user32,user32,user32,Password01!
user33,user33,user33,Password01!
user34,user34,user34,Password01!
user35,user35,user35,Password01!
user36,user36,user36,Password01!
user37,user37,user37,Password01!
user38,user38,user38,Password01!
user39,user39,user39,Password01!
user40,user40,user40,Password01!
user41,user41,user41,Password01!
user42,user42,user42,Password01!
user43,user43,user43,Password01!
user44,user44,user44,Password01!
user45,user45,user45,Password01!
user46,user46,user46,Password01!
user47,user47,user47,Password01!
user48,user48,user48,Password01!
user49,user49,user49,Password01!
user50,user50,user50,Password01!
user51,user51,user51,Password01!
user52,user52,user52,Password01!
user53,user53,user53,Password01!
user54,user54,user54,Password01!
user55,user55,user55,Password01!
user56,user56,user56,Password01!
user57,user57,user57,Password01!
user58,user58,user58,Password01!
user59,user59,user59,Password01!
user60,user60,user60,Password01!
user61,user61,user61,Password01!
user62,user62,user62,Password01!
user63,user63,user63,Password01!
user64,user64,user64,Password01!
user65,user65,user65,Password01!
user66,user66,user66,Password01!
user67,user67,user67,Password01!
user68,user68,user68,Password01!
user69,user69,user69,Password01!
user70,user70,user70,Password01!
user71,user71,user71,Password01!
user72,user72,user72,Password01!
user73,user73,user73,Password01!
user74,user74,user74,Password01!
user75,user75,user75,Password01!
user76,user76,user76,Password01!
user77,user77,user77,Password01!
user78,user78,user78,Password01!
user79,user79,user79,Password01!
user80,user80,user80,Password01!
user81,user81,user81,Password01!
user82,user82,user82,Password01!
user83,user83,user83,Password01!
user84,user84,user84,Password01!
user85,user85,user85,Password01!
user86,user86,user86,Password01!
user87,user87,user87,Password01!
user88,user88,user88,Password01!
user89,user89,user89,Password01!
user90,user90,user90,Password01!
user91,user91,user91,Password01!
user92,user92,user92,Password01!
user93,user93,user93,Password01!
user94,user94,user94,Password01!
user95,user95,user95,Password01!
user96,user96,user96,Password01!
user97,user97,user97,Password01!
user98,user98,user98,Password01!
user99,user99,user99,Password01!
user100,user100,user100,Password01!
user101,user101,user101,Password01!
user102,user102,user102,Password01!
user103,user103,user103,Password01!
user104,user104,user104,Password01!
user105,user105,user105,Password01!
user106,user106,user106,Password01!
user107,user107,user107,Password01!
user108,user108,user108,Password01!
user109,user109,user109,Password01!
user110,user110,user110,Password01!
user111,user111,user111,Password01!
user112,user112,user112,Password01!
user113,user113,user113,Password01!
user114,user114,user114,Password01!
user115,user115,user115,Password01!
user116,user116,user116,Password01!
user117,user117,user117,Password01!
user118,user118,user118,Password01!
user119,user119,user119,Password01!
user120,user120,user120,Password01!
user121,user121,user121,Password01!
user122,user122,user122,Password01!
user123,user123,user123,Password01!
user124,user124,user124,Password01!
user125,user125,user125,Password01!
user126,user126,user126,Password01!
user127,user127,user127,Password01!
user128,user128,user128,Password01!
user129,user129,user129,Password01!
user130,user130,user130,Password01!
user131,user131,user131,Password01!
user132,user132,user132,Password01!
user133,user133,user133,Password01!
user134,user134,user134,Password01!
user135,user135,user135,Password01!
user136,user136,user136,Password01!
user137,user137,user137,Password01!
user138,user138,user138,Password01!
user139,user139,user139,Password01!
user140,user140,user140,Password01!
user141,user141,user141,Password01!
user142,user142,user142,Password01!
user143,user143,user143,Password01!
user144,user144,user144,Password01!
user145,user145,user145,Password01!
user146,user146,user146,Password01!
user147,user147,user147,Password01!
user148,user148,user148,Password01!
user149,user149,user149,Password01!
user150,user150,user150,Password01!
user151,user151,user151,Password01!
user152,user152,user152,Password01!
user153,user153,user153,Password01!
user154,user154,user154,Password01!
user155,user155,user155,Password01!
user156,user156,user156,Password01!
user157,user157,user157,Password01!
user158,user158,user158,Password01!
user159,user159,user159,Password01!
user160,user160,user160,Password01!
user161,user161,user161,Password01!
user162,user162,user162,Password01!
user163,user163,user163,Password01!
user164,user164,user164,Password01!
user165,user165,user165,Password01!
user166,user166,user166,Password01!
user167,user167,user167,Password01!
user168,user168,user168,Password01!
user169,user169,user169,Password01!
user170,user170,user170,Password01!
user171,user171,user171,Password01!
user172,user172,user172,Password01!
user173,user173,user173,Password01!
user174,user174,user174,Password01!
user175,user175,user175,Password01!
user176,user176,user176,Password01!
user177,user177,user177,Password01!
user178,user178,user178,Password01!
user179,user179,user179,Password01!
user180,user180,user180,Password01!
user181,user181,user181,Password01!
user182,user182,user182,Password01!
user183,user183,user183,Password01!
user184,user184,user184,Password01!
user185,user185,user185,Password01!
user186,user186,user186,Password01!
user187,user187,user187,Password01!
user188,user188,user188,Password01!
user189,user189,user189,Password01!
user190,user190,user190,Password01!
user191,user191,user191,Password01!
user192,user192,user192,Password01!
user193,user193,user193,Password01!
user194,user194,user194,Password01!
user195,user195,user195,Password01!
user196,user196,user196,Password01!
user197,user197,user197,Password01!
user198,user198,user198,Password01!
user199,user199,user199,Password01!
user200,user200,user200,Password01!
